config_id,corr_per_cap,ratio_q10,ratio_q50,ratio_q90,ratio_ci5,ratio_ci50,ratio_ci95
cfg_1,0.3015589620300233,0.8869381236177155,1.0051965401000778,1.2225363325541487,0.9046768860900699,1.0241625125547962,1.1800133296827
cfg_2,0.32822306356492487,0.9653619516615437,1.0940768785497497,1.3306340414794253,0.9846691906947747,1.1147198385223862,1.2843511182975322
cfg_3,0.342723987796446,1.0080117288130763,1.14241329265482,1.389421572147754,1.028171963389338,1.16396826044076,1.341093865290441
cfg_4,0.31152158223264315,0.916239947743068,1.0384052741088106,1.2629253333755803,0.9345647466979294,1.0579978264504861,1.2189974956929515
cfg_5,0.30757345011459036,0.9046277944546774,1.0252448337153013,1.2469193923564474,0.9227203503437711,1.044589075860873,1.2035482830570927
