scenario,lp_med_%,lp_mean_%,lp_cvar5_%,rt_med_%,rt_mean_%,rt_cap_growth_%,util_mean_%,contracts_mean,premium_over_fv_mean,viable
low_demand,1.2324209131316757,0.3905541980845484,-11.048918576234948,0.15888621760136432,0.15758534006883462,16.709138297085868,0.06907798936722578,2.2626262626262625,0.7588122349412688,YES
lp_friendly,1.6749861332238314,0.14084710931733985,-12.795769155657947,0.17474603716812054,0.15674167262014835,16.617677819108124,0.13150037435973558,4.262626262626263,0.8603214495325028,YES
high_demand,1.4771977633440216,-0.03619388809885504,-12.898006482552868,0.18518510614164682,0.16369511825777083,17.462318155857947,0.18130349494686968,5.818181818181818,0.9044085090744015,NO
balanced_base,1.314954710179104,-0.11117213424584262,-12.898006482552868,0.17113787211880604,0.15913010297350783,16.912186620117776,0.11989684214890275,3.8181818181818183,0.8581002287602939,NO
rt_friendly,1.217879972297252,-0.2259370519529239,-12.9946045731921,0.1707896448899089,0.15961308195890567,16.968405490480688,0.12495186219613254,3.9696969696969697,0.9299946038975708,NO
