config_id,corr_prem_med,corr_prem_mean,corr_cap_med,corr_prem_per_cap_med,corr_prem_per_cap_mean,corr_over_fv_med,corr_over_fv_mean,mkt_put_spread_med,mkt_put_spread_mean,mkt_put_spread_per_cap_med,mkt_put_spread_per_cap_mean,premium_minus_mkt_med,premium_to_mkt_med_ratio,prem_per_cap_minus_mkt,prem_per_cap_to_mkt_ratio,mkt_equiv_cost_at_corr_cap,corr_minus_mkt_equiv_at_cap
cfg_1,157.6313816071542,157.42739635222117,510.82927925994954,0.3015589620300233,0.3041677653390192,0.8241896977108056,0.8276502246048935,1.7999999999999998,1.7666666666666666,0.3,0.29444444444444445,155.83138160715419,87.57298978175234,0.0015589620300233142,1.0051965401000778,153.24878377798487,4.3825978291693275
cfg_2,171.13977364919114,172.3986684452782,510.82927925994954,0.32822306356492487,0.3331273102165856,0.8980418747750292,0.9043116252637239,1.7999999999999998,1.7666666666666666,0.3,0.29444444444444445,169.33977364919113,95.07765202732843,0.028223063564924877,1.0940768785497497,153.24878377798487,17.890989871206273
cfg_3,176.54454508094534,180.15079634709411,510.82927925994954,0.342723987796446,0.3480930408377542,0.9354742442770143,0.9441255615122338,1.7999999999999998,1.7666666666666666,0.3,0.29444444444444445,174.74454508094533,98.08030282274743,0.042723987796445984,1.14241329265482,153.24878377798487,23.29576130296047
cfg_4,160.88949425529108,162.4261079941598,510.82927925994954,0.31152158223264315,0.31381158921845664,0.8529184284042675,0.8541282595634486,1.7999999999999998,1.7666666666666666,0.3,0.29444444444444445,159.08949425529107,89.38305236405061,0.011521582232643157,1.0384052741088106,153.24878377798487,7.640710477306214
cfg_5,160.36447803654823,161.54860438905163,510.82927925994954,0.30757345011459036,0.3121644607312447,0.8415430493271646,0.8474055483551206,1.7999999999999998,1.7666666666666666,0.3,0.29444444444444445,158.56447803654822,89.09137668697124,0.007573450114590374,1.0252448337153013,153.24878377798487,7.115694258563366
